"PSComputerName","__GENUS","__CLASS","__SUPERCLASS","__DYNASTY","__RELPATH","__PROPERTY_COUNT","__DERIVATION","__SERVER","__NAMESPACE","__PATH","ArpAlwaysSourceRoute","ArpUseEtherSNAP","Caption","DatabasePath","DeadGWDetectEnabled","DefaultIPGateway","DefaultTOS","DefaultTTL","Description","DHCPEnabled","DHCPLeaseExpires","DHCPLeaseObtained","DHCPServer","DNSDomain","DNSDomainSuffixSearchOrder","DNSEnabledForWINSResolution","DNSHostName","DNSServerSearchOrder","DomainDNSRegistrationEnabled","ForwardBufferMemory","FullDNSRegistrationEnabled","GatewayCostMetric","IGMPLevel","Index","InterfaceIndex","IPAddress","IPConnectionMetric","IPEnabled","IPFilterSecurityEnabled","IPPortSecurityEnabled","IPSecPermitIPProtocols","IPSecPermitTCPPorts","IPSecPermitUDPPorts","IPSubnet","IPUseZeroBroadcast","IPXAddress","IPXEnabled","IPXFrameType","IPXMediaType","IPXNetworkNumber","IPXVirtualNetNumber","KeepAliveInterval","KeepAliveTime","MACAddress","MTU","NumForwardPackets","PMTUBHDetectEnabled","PMTUDiscoveryEnabled","ServiceName","SettingID","TcpipNetbiosOptions","TcpMaxConnectRetransmissions","TcpMaxDataRetransmissions","TcpNumConnections","TcpUseRFC1122UrgentPointer","TcpWindowSize","WINSEnableLMHostsLookup","WINSHostLookupFile","WINSPrimaryServer","WINSScopeID","WINSSecondaryServer"
"JOYCE310-13","2","Win32_NetworkAdapterConfiguration","CIM_Setting","CIM_Setting","Win32_NetworkAdapterConfiguration.Index=0","61","System.String[]","JOYCE310-13","root\cimv2","\\JOYCE310-13\root\cimv2:Win32_NetworkAdapterConfiguration.Index=0",,,"[00000000] Microsoft Kernel Debug Network Adapter",,,,,,"Microsoft Kernel Debug Network Adapter","True",,,,,,,,,,,,,,"0","11",,,"False",,,,,,,,,,,,,,,,,,,,,"kdnic","{9D05C8B9-BB6D-403C-90F3-771C8DA23D90}",,,,,,,,,,,
"JOYCE310-13","2","Win32_NetworkAdapterConfiguration","CIM_Setting","CIM_Setting","Win32_NetworkAdapterConfiguration.Index=1","61","System.String[]","JOYCE310-13","root\cimv2","\\JOYCE310-13\root\cimv2:Win32_NetworkAdapterConfiguration.Index=1",,,"[00000001] Intel(R) Ethernet Connection (7) I219-V","%SystemRoot%\System32\drivers\etc",,"System.String[]",,,"Intel(R) Ethernet Connection (7) I219-V","True","20231121173054.000000-300","20231119173054.000000-300","192.168.4.3","cyber.local","System.String[]","False","JOYCE310-13","System.String[]","False",,"True","System.UInt16[]",,"1","7","System.String[]","25","True","False",,"System.String[]","System.String[]","System.String[]","System.String[]",,,,,,,,,,"18:31:BF:DD:82:57",,,,,"e1dexpress","{618EA3D1-90FF-4849-A9C9-FBBEE420BC70}","0",,,,,,"True",,,"",
"JOYCE310-13","2","Win32_NetworkAdapterConfiguration","CIM_Setting","CIM_Setting","Win32_NetworkAdapterConfiguration.Index=2","61","System.String[]","JOYCE310-13","root\cimv2","\\JOYCE310-13\root\cimv2:Win32_NetworkAdapterConfiguration.Index=2",,,"[00000002] WAN Miniport (SSTP)",,,,,,"WAN Miniport (SSTP)","False",,,,,,,,,,,,,,"2","12",,,"False",,,,,,,,,,,,,,,,,,,,,"RasSstp","{B12DA9A1-C63C-4175-819B-DC29628D5F3A}",,,,,,,,,,,
"JOYCE310-13","2","Win32_NetworkAdapterConfiguration","CIM_Setting","CIM_Setting","Win32_NetworkAdapterConfiguration.Index=3","61","System.String[]","JOYCE310-13","root\cimv2","\\JOYCE310-13\root\cimv2:Win32_NetworkAdapterConfiguration.Index=3",,,"[00000003] WAN Miniport (IKEv2)",,,,,,"WAN Miniport (IKEv2)","False",,,,,,,,,,,,,,"3","4",,,"False",,,,,,,,,,,,,,,,,,,,,"RasAgileVpn","{1544A990-DF1A-4FD1-BE18-B295B7287233}",,,,,,,,,,,
"JOYCE310-13","2","Win32_NetworkAdapterConfiguration","CIM_Setting","CIM_Setting","Win32_NetworkAdapterConfiguration.Index=4","61","System.String[]","JOYCE310-13","root\cimv2","\\JOYCE310-13\root\cimv2:Win32_NetworkAdapterConfiguration.Index=4",,,"[00000004] WAN Miniport (L2TP)",,,,,,"WAN Miniport (L2TP)","False",,,,,,,,,,,,,,"4","14",,,"False",,,,,,,,,,,,,,,,,,,,,"Rasl2tp","{C152FBD7-CF07-48B7-8025-0951376A2CE5}",,,,,,,,,,,
"JOYCE310-13","2","Win32_NetworkAdapterConfiguration","CIM_Setting","CIM_Setting","Win32_NetworkAdapterConfiguration.Index=5","61","System.String[]","JOYCE310-13","root\cimv2","\\JOYCE310-13\root\cimv2:Win32_NetworkAdapterConfiguration.Index=5",,,"[00000005] WAN Miniport (PPTP)",,,,,,"WAN Miniport (PPTP)","False",,,,,,,,,,,,,,"5","13",,,"False",,,,,,,,,,,,,,,,,,,,,"PptpMiniport","{B70A79F4-CC66-4843-A673-57127F03BD60}",,,,,,,,,,,
"JOYCE310-13","2","Win32_NetworkAdapterConfiguration","CIM_Setting","CIM_Setting","Win32_NetworkAdapterConfiguration.Index=6","61","System.String[]","JOYCE310-13","root\cimv2","\\JOYCE310-13\root\cimv2:Win32_NetworkAdapterConfiguration.Index=6",,,"[00000006] WAN Miniport (PPPOE)",,,,,,"WAN Miniport (PPPOE)","False",,,,,,,,,,,,,,"6","16",,,"False",,,,,,,,,,,,,,,,,,,,,"RasPppoe","{F4693BA0-723B-4BE0-83D5-C9F459DDE590}",,,,,,,,,,,
"JOYCE310-13","2","Win32_NetworkAdapterConfiguration","CIM_Setting","CIM_Setting","Win32_NetworkAdapterConfiguration.Index=7","61","System.String[]","JOYCE310-13","root\cimv2","\\JOYCE310-13\root\cimv2:Win32_NetworkAdapterConfiguration.Index=7",,,"[00000007] WAN Miniport (IP)",,,,,,"WAN Miniport (IP)","False",,,,,,,,,,,,,,"7","15",,,"False",,,,,,,,,,,,,,,,"36:B5:20:52:41:53",,,,,"NdisWan","{D36807D8-FDD6-423D-B32B-E877A0EB598F}",,,,,,,,,,,
"JOYCE310-13","2","Win32_NetworkAdapterConfiguration","CIM_Setting","CIM_Setting","Win32_NetworkAdapterConfiguration.Index=8","61","System.String[]","JOYCE310-13","root\cimv2","\\JOYCE310-13\root\cimv2:Win32_NetworkAdapterConfiguration.Index=8",,,"[00000008] WAN Miniport (IPv6)",,,,,,"WAN Miniport (IPv6)","False",,,,,,,,,,,,,,"8","3",,,"False",,,,,,,,,,,,,,,,"36:B5:20:52:41:53",,,,,"NdisWan","{089FE9BE-897D-4DE0-BBD5-F6F8F43DA6D1}",,,,,,,,,,,
"JOYCE310-13","2","Win32_NetworkAdapterConfiguration","CIM_Setting","CIM_Setting","Win32_NetworkAdapterConfiguration.Index=9","61","System.String[]","JOYCE310-13","root\cimv2","\\JOYCE310-13\root\cimv2:Win32_NetworkAdapterConfiguration.Index=9",,,"[00000009] WAN Miniport (Network Monitor)",,,,,,"WAN Miniport (Network Monitor)","False",,,,,,,,,,,,,,"9","10",,,"False",,,,,,,,,,,,,,,,"36:B5:20:52:41:53",,,,,"NdisWan","{94893443-C82C-42EE-A474-85D4C303FAB5}",,,,,,,,,,,
"JOYCE310-13","2","Win32_NetworkAdapterConfiguration","CIM_Setting","CIM_Setting","Win32_NetworkAdapterConfiguration.Index=10","61","System.String[]","JOYCE310-13","root\cimv2","\\JOYCE310-13\root\cimv2:Win32_NetworkAdapterConfiguration.Index=10",,,"[00000010] VMware Virtual Ethernet Adapter for VMnet1","%SystemRoot%\System32\drivers\etc",,,,,"VMware Virtual Ethernet Adapter for VMnet1","False",,,,,"System.String[]","False","JOYCE310-13",,"False",,"True",,,"10","8","System.String[]","35","True","False",,"System.String[]","System.String[]","System.String[]","System.String[]",,,,,,,,,,"00:50:56:C0:00:01",,,,,"VMnetAdapter","{82C2F003-4611-4529-93EA-22BC0C5686A5}","0",,,,,,"True",,,"",
"JOYCE310-13","2","Win32_NetworkAdapterConfiguration","CIM_Setting","CIM_Setting","Win32_NetworkAdapterConfiguration.Index=11","61","System.String[]","JOYCE310-13","root\cimv2","\\JOYCE310-13\root\cimv2:Win32_NetworkAdapterConfiguration.Index=11",,,"[00000011] VMware Virtual Ethernet Adapter for VMnet8","%SystemRoot%\System32\drivers\etc",,,,,"VMware Virtual Ethernet Adapter for VMnet8","False",,,,,"System.String[]","False","JOYCE310-13",,"False",,"True",,,"11","6","System.String[]","35","True","False",,"System.String[]","System.String[]","System.String[]","System.String[]",,,,,,,,,,"00:50:56:C0:00:08",,,,,"VMnetAdapter","{594CB5EC-12C9-49D8-983C-1A7AA9EAF359}","0",,,,,,"True",,,"",
