"Name","Path"
"chrome","C:\Program Files\Google\Chrome\Application\chrome.exe"
"chrome","C:\Program Files\Google\Chrome\Application\chrome.exe"
"chrome","C:\Program Files\Google\Chrome\Application\chrome.exe"
"chrome","C:\Program Files\Google\Chrome\Application\chrome.exe"
"chrome","C:\Program Files\Google\Chrome\Application\chrome.exe"
"chrome","C:\Program Files\Google\Chrome\Application\chrome.exe"
"chrome","C:\Program Files\Google\Chrome\Application\chrome.exe"
"chrome","C:\Program Files\Google\Chrome\Application\chrome.exe"
"chrome","C:\Program Files\Google\Chrome\Application\chrome.exe"
"chrome","C:\Program Files\Google\Chrome\Application\chrome.exe"
"chrome","C:\Program Files\Google\Chrome\Application\chrome.exe"
"chrome","C:\Program Files\Google\Chrome\Application\chrome.exe"
"chrome","C:\Program Files\Google\Chrome\Application\chrome.exe"
"chrome","C:\Program Files\Google\Chrome\Application\chrome.exe"
"chrome","C:\Program Files\Google\Chrome\Application\chrome.exe"
"chrome","C:\Program Files\Google\Chrome\Application\chrome.exe"
"chrome","C:\Program Files\Google\Chrome\Application\chrome.exe"
"conhost",
"csrss",
"csrss",
"csrss",
"ctfmon",
"dllhost","C:\Windows\system32\DllHost.exe"
"dwm",
"dwm",
"explorer","C:\Windows\Explorer.EXE"
"fontdrvhost",
"fontdrvhost",
"fontdrvhost",
"Greenshot","C:\Program Files\Greenshot\Greenshot.exe"
"Idle",
"igfxCUIService",
"IntelCpHDCPSvc",
"IntelCpHeciSvc",
"IPROSetMonitor",
"jhi_service",
"LogonUI",
"lsass",
"Memory Compression",
"MsMpEng",
"NinjaRMMAgent",
"NinjaRMMAgentPatcher",
"NisSrv",
"notepad","C:\Windows\System32\notepad.exe"
"OneApp.IGCC.WinService",
"powershell_ise","C:\Windows\system32\WindowsPowerShell\v1.0\PowerShell_ISE.exe"
"rdpclip","C:\Windows\System32\rdpclip.exe"
"Registry",
"RtkNGUI64","C:\Program Files\Realtek\Audio\HDA\RtkNGUI64.exe"
"RuntimeBroker","C:\Windows\System32\RuntimeBroker.exe"
"RuntimeBroker","C:\Windows\System32\RuntimeBroker.exe"
"RuntimeBroker","C:\Windows\System32\RuntimeBroker.exe"
"Screen Recorder Launcher-JRE14","C:\Users\andy.phuong\AppData\Local\Screen Recorder Launcher JRE14\Screen Recorder Launcher-JRE14.exe"
"SearchFilterHost",
"SearchIndexer",
"SearchProtocolHost",
"SearchUI","C:\Windows\SystemApps\Microsoft.Windows.Cortana_cw5n1h2txyewy\SearchUI.exe"
"SecurityHealthService",
"SecurityHealthSystray","C:\Windows\System32\SecurityHealthSystray.exe"
"services",
"SgrmBroker",
"ShellExperienceHost","C:\Windows\SystemApps\ShellExperienceHost_cw5n1h2txyewy\ShellExperienceHost.exe"
"sihost","C:\Windows\system32\sihost.exe"
"smartscreen","C:\Windows\System32\smartscreen.exe"
"smss",
"spoolsv",
"sshd",
"svchost",
"svchost",
"svchost",
"svchost",
"svchost",
"svchost",
"svchost",
"svchost",
"svchost",
"svchost",
"svchost",
"svchost",
"svchost",
"svchost",
"svchost",
"svchost",
"svchost",
"svchost",
"svchost",
"svchost",
"svchost",
"svchost",
"svchost",
"svchost",
"svchost",
"svchost",
"svchost",
"svchost",
"svchost",
"svchost",
"svchost",
"svchost",
"svchost","C:\Windows\system32\svchost.exe"
"svchost",
"svchost",
"svchost",
"svchost",
"svchost",
"svchost",
"svchost",
"svchost",
"svchost",
"svchost",
"svchost",
"svchost",
"svchost",
"svchost",
"svchost",
"svchost",
"svchost",
"svchost",
"svchost",
"svchost",
"svchost","C:\Windows\system32\svchost.exe"
"svchost",
"svchost",
"svchost",
"svchost",
"svchost",
"svchost",
"svchost","C:\Windows\system32\svchost.exe"
"svchost",
"svchost",
"svchost",
"svchost",
"svchost",
"svchost",
"svchost","C:\Windows\system32\svchost.exe"
"svchost",
"svchost",
"System",
"taskhostw","C:\Windows\system32\taskhostw.exe"
"vmnat",
"vmnetdhcp",
"vmware-authd",
"vmware-tray","C:\Program Files (x86)\VMware\VMware Workstation\vmware-tray.exe"
"vmware-usbarbitrator64",
"WindowsInternal.ComposableShell.Experiences.TextInput.InputApp","C:\Windows\SystemApps\InputApp_cw5n1h2txyewy\WindowsInternal.ComposableShell.Experiences.TextInput.InputApp.exe"
"wininit",
"winlogon",
"winlogon",
"WmiPrvSE",
"WmiPrvSE",
"WmiPrvSE",
"WMIRegistrationService",
